{
  "engine": "deterministic",
  "gitSha": "64345cc",
  "queryCount": 51,
  "legs": {
    "vector": {
      "recallAt1": {
        "mean": 0.23529411764705882,
        "byKind": {
          "identifier": 0.6666666666666666,
          "error-string": 0.6666666666666666,
          "config-key": 0.5,
          "paraphrase": 0.2,
          "no-term": 0
        }
      },
      "recallAt5": {
        "mean": 0.47058823529411764,
        "byKind": {
          "identifier": 0.8888888888888888,
          "error-string": 1,
          "config-key": 0.5,
          "paraphrase": 0.4666666666666667,
          "no-term": 0.22727272727272727
        }
      },
      "mrr": {
        "mean": 0.37349895507647907,
        "byKind": {
          "identifier": 0.7777777777777778,
          "error-string": 0.75,
          "config-key": 1,
          "paraphrase": 0.33001795735129064,
          "no-term": 0.1294626067559577
        }
      }
    },
    "lexical": {
      "recallAt1": {
        "mean": 0.35294117647058826,
        "byKind": {
          "identifier": 1,
          "error-string": 1,
          "config-key": 0.5,
          "paraphrase": 0.3333333333333333,
          "no-term": 0
        }
      },
      "recallAt5": {
        "mean": 0.6176470588235294,
        "byKind": {
          "identifier": 1,
          "error-string": 1,
          "config-key": 0.75,
          "paraphrase": 0.7333333333333333,
          "no-term": 0.3181818181818182
        }
      },
      "mrr": {
        "mean": 0.48879425727251796,
        "byKind": {
          "identifier": 1,
          "error-string": 1,
          "config-key": 1,
          "paraphrase": 0.505,
          "no-term": 0.15243214185901935
        }
      }
    },
    "fused": {
      "recallAt1": {
        "mean": 0.3333333333333333,
        "byKind": {
          "identifier": 1,
          "error-string": 0.6666666666666666,
          "config-key": 0.5,
          "paraphrase": 0.2,
          "no-term": 0.09090909090909091
        }
      },
      "recallAt5": {
        "mean": 0.5392156862745098,
        "byKind": {
          "identifier": 1,
          "error-string": 1,
          "config-key": 0.75,
          "paraphrase": 0.6,
          "no-term": 0.22727272727272727
        }
      },
      "mrr": {
        "mean": 0.46422938563965593,
        "byKind": {
          "identifier": 1,
          "error-string": 0.8333333333333334,
          "config-key": 1,
          "paraphrase": 0.37644026471612674,
          "no-term": 0.20586794076729767
        }
      }
    }
  },
  "performance": {
    "indexWallMs": 82.75358100000005,
    "chunkCount": 78,
    "passageCount": 78,
    "chunksPerSec": 942.5573982109602,
    "dbSizeBytes": 4096,
    "searchP50Ms": 6.981276999999864,
    "searchP95Ms": 11.864650000000097
  }
}
