{
  "engine": "http",
  "gitSha": "f3cd9f1",
  "queryCount": 51,
  "legs": {
    "vector": {
      "recallAt1": {
        "mean": 0.7549019607843137,
        "byKind": {
          "identifier": 1,
          "error-string": 0.6666666666666666,
          "config-key": 0.25,
          "paraphrase": 0.8,
          "no-term": 0.6818181818181818
        }
      },
      "recallAt5": {
        "mean": 0.9411764705882353,
        "byKind": {
          "identifier": 1,
          "error-string": 1,
          "config-key": 0.5,
          "paraphrase": 0.9333333333333333,
          "no-term": 0.9545454545454546
        }
      },
      "mrr": {
        "mean": 0.8452991452991455,
        "byKind": {
          "identifier": 1,
          "error-string": 0.8333333333333334,
          "config-key": 0.6666666666666666,
          "paraphrase": 0.8666666666666667,
          "no-term": 0.7853146853146853
        }
      }
    },
    "lexical": {
      "recallAt1": {
        "mean": 0.35294117647058826,
        "byKind": {
          "identifier": 1,
          "error-string": 1,
          "config-key": 0.5,
          "paraphrase": 0.3333333333333333,
          "no-term": 0
        }
      },
      "recallAt5": {
        "mean": 0.6176470588235294,
        "byKind": {
          "identifier": 1,
          "error-string": 1,
          "config-key": 0.75,
          "paraphrase": 0.7333333333333333,
          "no-term": 0.3181818181818182
        }
      },
      "mrr": {
        "mean": 0.48879425727251796,
        "byKind": {
          "identifier": 1,
          "error-string": 1,
          "config-key": 1,
          "paraphrase": 0.505,
          "no-term": 0.15243214185901935
        }
      }
    },
    "fused": {
      "recallAt1": {
        "mean": 0.5294117647058824,
        "byKind": {
          "identifier": 1,
          "error-string": 0.6666666666666666,
          "config-key": 0.5,
          "paraphrase": 0.6666666666666666,
          "no-term": 0.22727272727272727
        }
      },
      "recallAt5": {
        "mean": 0.9607843137254902,
        "byKind": {
          "identifier": 1,
          "error-string": 1,
          "config-key": 1,
          "paraphrase": 1,
          "no-term": 0.9090909090909091
        }
      },
      "mrr": {
        "mean": 0.7099673202614379,
        "byKind": {
          "identifier": 1,
          "error-string": 0.8333333333333334,
          "config-key": 1,
          "paraphrase": 0.7799999999999999,
          "no-term": 0.5003787878787879
        }
      }
    }
  },
  "performance": {
    "indexWallMs": 2899.640655,
    "chunkCount": 78,
    "passageCount": 78,
    "chunksPerSec": 26.89988494453634,
    "dbSizeBytes": 6410240,
    "searchP50Ms": 185.37996399999975,
    "searchP95Ms": 243.5079480000004
  }
}
