{
  "engine": "http",
  "gitSha": "b71d82f",
  "queryCount": 51,
  "legs": {
    "vector": {
      "recallAt1": {
        "mean": 0.7549019607843137,
        "byKind": {
          "identifier": 1,
          "error-string": 0.6666666666666666,
          "config-key": 0.25,
          "paraphrase": 0.8,
          "no-term": 0.6818181818181818
        }
      },
      "recallAt5": {
        "mean": 0.9411764705882353,
        "byKind": {
          "identifier": 1,
          "error-string": 1,
          "config-key": 0.5,
          "paraphrase": 0.9333333333333333,
          "no-term": 0.9545454545454546
        }
      },
      "mrr": {
        "mean": 0.8452991452991455,
        "byKind": {
          "identifier": 1,
          "error-string": 0.8333333333333334,
          "config-key": 0.6666666666666666,
          "paraphrase": 0.8666666666666667,
          "no-term": 0.7853146853146853
        }
      }
    },
    "lexical": {
      "recallAt1": {
        "mean": 0.35294117647058826,
        "byKind": {
          "identifier": 1,
          "error-string": 1,
          "config-key": 0.5,
          "paraphrase": 0.3333333333333333,
          "no-term": 0
        }
      },
      "recallAt5": {
        "mean": 0.6176470588235294,
        "byKind": {
          "identifier": 1,
          "error-string": 1,
          "config-key": 0.75,
          "paraphrase": 0.7333333333333333,
          "no-term": 0.3181818181818182
        }
      },
      "mrr": {
        "mean": 0.48879425727251796,
        "byKind": {
          "identifier": 1,
          "error-string": 1,
          "config-key": 1,
          "paraphrase": 0.505,
          "no-term": 0.15243214185901935
        }
      }
    },
    "fused": {
      "recallAt1": {
        "mean": 0.7254901960784313,
        "byKind": {
          "identifier": 1,
          "error-string": 0.6666666666666666,
          "config-key": 0.5,
          "paraphrase": 0.8,
          "no-term": 0.5909090909090909
        }
      },
      "recallAt5": {
        "mean": 0.9705882352941176,
        "byKind": {
          "identifier": 1,
          "error-string": 1,
          "config-key": 0.75,
          "paraphrase": 1,
          "no-term": 0.9545454545454546
        }
      },
      "mrr": {
        "mean": 0.8279956427015251,
        "byKind": {
          "identifier": 1,
          "error-string": 0.8333333333333334,
          "config-key": 1,
          "paraphrase": 0.8633333333333333,
          "no-term": 0.7171717171717172
        }
      }
    }
  },
  "performance": {
    "indexWallMs": 1665.991478,
    "chunkCount": 78,
    "passageCount": 78,
    "chunksPerSec": 46.81896698153459,
    "dbSizeBytes": 6410240,
    "searchP50Ms": 183.4222060000002,
    "searchP95Ms": 228.2761929999997
  }
}
