{
  "engine": "transformersjs",
  "gitSha": "f3cd9f1",
  "queryCount": 51,
  "legs": {
    "vector": {
      "recallAt1": {
        "mean": 0.6666666666666666,
        "byKind": {
          "identifier": 1,
          "error-string": 0.6666666666666666,
          "config-key": 0.5,
          "paraphrase": 0.6666666666666666,
          "no-term": 0.5454545454545454
        }
      },
      "recallAt5": {
        "mean": 0.9411764705882353,
        "byKind": {
          "identifier": 1,
          "error-string": 1,
          "config-key": 1,
          "paraphrase": 0.9333333333333333,
          "no-term": 0.9090909090909091
        }
      },
      "mrr": {
        "mean": 0.7876023663747449,
        "byKind": {
          "identifier": 1,
          "error-string": 0.8333333333333334,
          "config-key": 1,
          "paraphrase": 0.7722222222222223,
          "no-term": 0.6856539705353936
        }
      }
    },
    "lexical": {
      "recallAt1": {
        "mean": 0.35294117647058826,
        "byKind": {
          "identifier": 1,
          "error-string": 1,
          "config-key": 0.5,
          "paraphrase": 0.3333333333333333,
          "no-term": 0
        }
      },
      "recallAt5": {
        "mean": 0.6176470588235294,
        "byKind": {
          "identifier": 1,
          "error-string": 1,
          "config-key": 0.75,
          "paraphrase": 0.7333333333333333,
          "no-term": 0.3181818181818182
        }
      },
      "mrr": {
        "mean": 0.48879425727251796,
        "byKind": {
          "identifier": 1,
          "error-string": 1,
          "config-key": 1,
          "paraphrase": 0.505,
          "no-term": 0.15243214185901935
        }
      }
    },
    "fused": {
      "recallAt1": {
        "mean": 0.5294117647058824,
        "byKind": {
          "identifier": 1,
          "error-string": 1,
          "config-key": 0.5,
          "paraphrase": 0.6,
          "no-term": 0.22727272727272727
        }
      },
      "recallAt5": {
        "mean": 0.8431372549019608,
        "byKind": {
          "identifier": 1,
          "error-string": 1,
          "config-key": 1,
          "paraphrase": 0.8666666666666667,
          "no-term": 0.7272727272727273
        }
      },
      "mrr": {
        "mean": 0.6757877007011953,
        "byKind": {
          "identifier": 1,
          "error-string": 1,
          "config-key": 1,
          "paraphrase": 0.7185185185185186,
          "no-term": 0.4403361344537815
        }
      }
    }
  },
  "performance": {
    "indexWallMs": 8808.673411,
    "chunkCount": 78,
    "passageCount": 78,
    "chunksPerSec": 8.854908833672503,
    "dbSizeBytes": 4096,
    "searchP50Ms": 28.405573000000004,
    "searchP95Ms": 62.300020000000586
  }
}
