{
  "engine": "transformersjs",
  "gitSha": "b71d82f",
  "queryCount": 51,
  "legs": {
    "vector": {
      "recallAt1": {
        "mean": 0.6666666666666666,
        "byKind": {
          "identifier": 1,
          "error-string": 0.6666666666666666,
          "config-key": 0.5,
          "paraphrase": 0.6666666666666666,
          "no-term": 0.5454545454545454
        }
      },
      "recallAt5": {
        "mean": 0.9411764705882353,
        "byKind": {
          "identifier": 1,
          "error-string": 1,
          "config-key": 1,
          "paraphrase": 0.9333333333333333,
          "no-term": 0.9090909090909091
        }
      },
      "mrr": {
        "mean": 0.7876023663747449,
        "byKind": {
          "identifier": 1,
          "error-string": 0.8333333333333334,
          "config-key": 1,
          "paraphrase": 0.7722222222222223,
          "no-term": 0.6856539705353936
        }
      }
    },
    "lexical": {
      "recallAt1": {
        "mean": 0.35294117647058826,
        "byKind": {
          "identifier": 1,
          "error-string": 1,
          "config-key": 0.5,
          "paraphrase": 0.3333333333333333,
          "no-term": 0
        }
      },
      "recallAt5": {
        "mean": 0.6176470588235294,
        "byKind": {
          "identifier": 1,
          "error-string": 1,
          "config-key": 0.75,
          "paraphrase": 0.7333333333333333,
          "no-term": 0.3181818181818182
        }
      },
      "mrr": {
        "mean": 0.48879425727251796,
        "byKind": {
          "identifier": 1,
          "error-string": 1,
          "config-key": 1,
          "paraphrase": 0.505,
          "no-term": 0.15243214185901935
        }
      }
    },
    "fused": {
      "recallAt1": {
        "mean": 0.6274509803921569,
        "byKind": {
          "identifier": 1,
          "error-string": 1,
          "config-key": 0.5,
          "paraphrase": 0.6,
          "no-term": 0.45454545454545453
        }
      },
      "recallAt5": {
        "mean": 0.9215686274509803,
        "byKind": {
          "identifier": 1,
          "error-string": 1,
          "config-key": 1,
          "paraphrase": 0.9333333333333333,
          "no-term": 0.8636363636363636
        }
      },
      "mrr": {
        "mean": 0.755846042120552,
        "byKind": {
          "identifier": 1,
          "error-string": 1,
          "config-key": 1,
          "paraphrase": 0.7355555555555555,
          "no-term": 0.6143097643097643
        }
      }
    }
  },
  "performance": {
    "indexWallMs": 5823.492131999999,
    "chunkCount": 78,
    "passageCount": 78,
    "chunksPerSec": 13.394025136806007,
    "dbSizeBytes": 4096,
    "searchP50Ms": 20.574368000000504,
    "searchP95Ms": 28.51143199999933
  }
}
